Workbook

Sheet Соҳалар билан
A1: Бухоро вилоятидаги тўқимачилик корхоналари томонидан амалга оширилган экспорт ҳажмлари (2025-2026 йиллар 8 ойда)
A3: № | C3: Корхона номи | D3: 2025 йил 8 ойда | F3: 2026 йил 8 ойда | H3: Ўсиш | J3: Ҳолати
B4: Названия строк | D4: Вазни (тонна) | E4: Қиймати (минг долл) | F4: Вазни (тонна) | G4: Қиймати (минг долл) | H4: Қийматда | I4: Фоизда
C5: ЖАМИ | D5: =D6+D113+D183+D282 | E5: =E6+E113+E183+E282 | F5: =F6+F113+F183+F282 | G5: =G6+G113+G183+G282 | H5: =G5-E5 | I5: =IF(E5=0,IF(G5=0,0,100),G5/E5*100)
A6: I | C6: ="Экспорти кўпайган корхоналар ("&COUNTIF(J7:J112,"кўпайган")&" та)" | D6: =SUMIF(J7:J112,"кўпайган",D7:D112) | E6: =SUMIF(J7:J112,"кўпайган",E7:E112) | F6: =SUMIF(J7:J112,"кўпайган",F7:F112) | G6: =SUMIF(J7:J112,"кўпайган",G7:G112) | H6: =G6-E6 | I6: =IF(E6=0,IF(G6=0,0,100),G6/E6*100)
A7: =IF(J7<>"",COUNTIF(J$7:J7,J7),"") | B7: 302699268 | C7: "PARVOZ QURUVCHI" MCHJ | D7: =SUM(D8:D12) | E7: =SUM(E8:E12) | F7: =SUM(F8:F12) | G7: =SUM(G8:G12) | H7: =G7-E7 | I7: =IF(E7=0,IF(G7=0,0,100),G7/E7*100) | J7: =IF(E7=0,"янги корхона",IF(G7=0,"2026 йил экспорт қилмаган",IF(G7>=E7,"кўпайган","камайган")))
B8: Енгли ва енгсиз футболкалар | C8: Енгли ва енгсиз футболкалар | F8: 336.54798 | G8: 4400.968 | H8: =G8-E8 | I8: =IF(E8=0,IF(G8=0,0,100),G8/E8*100)

Sheet Корхоналар
A1: Бухоро вилоятидаги тўқимачилик корхоналари томонидан амалга оширилган экспорт ҳажмлари (2025-2026 йиллар 8 ойда)
A3: № | C3: Корхона номи | D3: 2025 йил 8 ойда | F3: 2026 йил 8 ойда | H3: Ўсиш | J3: Ҳолати
B4: Названия строк | D4: Вазни (тонна) | E4: Қиймати (минг долл) | F4: Вазни (тонна) | G4: Қиймати (минг долл) | H4: Қийматда | I4: Фоизда
C5: ЖАМИ корхоналар (100 та) | D5: =D6+D35+D60+D86 | E5: =E6+E35+E60+E86 | F5: =F6+F35+F60+F86 | G5: =G6+G35+G60+G86 | H5: =G5-E5 | I5: =IF(E5=0,IF(G5=0,0,100),G5/E5*100)
A6: I | C6: ="Экспорти кўпайган корхоналар ("&COUNTIF(J7:J34,"кўпайган")&" та)" | D6: =SUMIF(J7:J34,"кўпайган",D7:D34) | E6: =SUMIF(J7:J34,"кўпайган",E7:E34) | F6: =SUMIF(J7:J34,"кўпайган",F7:F34) | G6: =SUMIF(J7:J34,"кўпайган",G7:G34) | H6: =G6-E6 | I6: =IF(E6=0,IF(G6=0,0,100),G6/E6*100)
A7: =IF(J7<>"",COUNTIF(J$7:J7,J7),"") | B7: ='Соҳалар билан'!B7 | C7: ='Соҳалар билан'!C7 | D7: ='Соҳалар билан'!D7 | E7: ='Соҳалар билан'!E7 | F7: ='Соҳалар билан'!F7 | G7: ='Соҳалар билан'!G7 | H7: =G7-E7 | I7: =IF(E7=0,IF(G7=0,0,100),G7/E7*100) | J7: =IF(E7=0,"янги корхона",IF(G7=0,"2026 йил экспорт қилмаган",IF(G7>=E7,"кўпайган","камайган")))
